AA11,AA12,a,b,bs,city,cp,e,el,es,f,fi,g,id,j,k,l,lat,lon,m,p,pimg,r,s,sq,t,tp,type,v,district_code
特定農業區,甲種建築用地,南海路91~120號,透天厝,,B,,10912,無,,全/二層,-1,35,0,1,1,0,24.354650704548384,120.57276152627298,無,"70,020",bt_02.png,12,24.99,FP8Z1lPCQhkTE3KIsV36KrfBzSewkXJDY2E8j6ItdLw=,房地(土地+建物),175,Biz,4房2廳2衛有隔間,B22
鄉村區,乙種建築用地,南海路31~60號,透天厝,,B,,10912,無,,全/二層,-1,30,1,1,1,0,24.34966878079432,120.57572197206699,無,"136,086",bt_02.png,11,36.74,G1DnJA+AO0U44C0B23drJLfBzSewkXJDY2E8j6ItdLw=,房地(土地+建物),500,Biz,4房3廳2衛有隔間,B22
特定農業區,甲種建築用地,中海路72巷1~30號,透天厝,,B,,10912,無,,全/三層,-1,24,2,1,1,0,24.355957112773357,120.57801962202225,無,"88,671",bt_02.png,11,54.13,Z3GHbl5NNH4b2kSsggRarrfBzSewkXJDY2E8j6ItdLw=,房地(土地+建物),480,Biz,4房2廳3衛有隔間,B22
其他,,福東一路31~60號,透天厝,,B,,10911,無,,全/二層,-1,31,3,2,1,0,24.33812692314658,120.59071837717617,無,"163,329",bt_02.png,11,36.96,Bm081aXEn7Inbs3aULPOw7fBzSewkXJDY2E8j6ItdLw=,房地(土地+建物),603,Biz,3房2廳2衛有隔間,B22
特定農業區,甲種建築用地,松九街115巷1~30號,透天厝,,B,,10910,無,,全/三層,-1,4,4,3,1,0,24.364369623444336,120.60541723695792,無,"151,808",bt_02.png,16,52.04,eFTmsyX/AH7vegNF6ah7YLfBzSewkXJDY2E8j6ItdLw=,房地(土地+建物),790,Biz,4房2廳3衛有隔間,B22
其他,,福東一路31~60號,透天厝,,B,,10910,無,,全/二層,-1,31,5,1,1,0,24.337841867075355,120.59074471783465,無,"121,765",bt_02.png,10,36.96,uNrh0VL0hqcw36glXW3KHbfBzSewkXJDY2E8j6ItdLw=,房地(土地+建物),450,Biz,4房2廳3衛有隔間,B22
特定農業區,甲種建築用地,東西九路241~270號,透天厝,,B,,10910,無,,全/一層,-1,19,6,2,2,0,24.373642812868688,120.58643627661638,無,"328,995",bt_02.png,26,107.45,mxbOUemt3ZfyUiB9PI5LGLfBzSewkXJDY2E8j6ItdLw=,房地(土地+建物),"3,535",Biz,4房0廳3衛有隔間,B22
其他,,中松路56巷31~60號,透天厝,,B,,10909,無,,全/二層,-1,38,7,1,1,0,24.34649839990128,120.588228455722,無,"44,777",bt_02.png,10,31.26,7bSkkL4eOHHz2O/SEW1SJrfBzSewkXJDY2E8j6ItdLw=,房地(土地+建物),139,Biz,4房2廳2衛有隔間,B22
特定農業區,農牧用地,南北八路391~420號,透天厝,,B,,10907,無,,全/一層,-1,25,8,1,1,0,24.389311295409104,120.5992255556373,無,"48,483",bt_02.png,26,37.13,yy/iIt9o71rgWPUzEUZbH7fBzSewkXJDY2E8j6ItdLw=,房地(土地+建物),180,Biz,2房2廳2衛有隔間,B22
鄉村區,乙種建築用地,松雅里大安港路571~600號,透天厝,,B,,10906,無,,全/三層,-1,39,9,2,1,0,24.36124349894303,120.60316568252745,無,"102,945",bt_02.png,11,55.37,vy3IZQVbHIrPzlMVqgyJX7fBzSewkXJDY2E8j6ItdLw=,房地(土地+建物),570,Biz,5房2廳3衛有隔間,B22
商,,中庄里中山南路301~330號,透天厝,,B,,10905,無,,全/二層,0,47,10,2,1,0,24.345693178713482,120.58663156782788,無,"209,071",bt_02.png,9,32.52,9b3oUe6PzCAKW45+F2+wk7fBzSewkXJDY2E8j6ItdLw=,房地(土地+建物),680,Biz,2房1廳2衛有隔間,B22
住,,中山南路257巷1~30號,透天厝,,B,,10903,無,,全/二層,0,39,11,1,1,0,24.344233178772154,120.58762181163543,無,"97,342",bt_02.png,9,30.82,300J1OIByJjT4pniKo9kJ7fBzSewkXJDY2E8j6ItdLw=,房地(土地+建物),300,Biz,5房3廳3衛有隔間,B22
特定農業區,甲種建築用地,興安路31~60號,透天厝,,B,,10902,有,,全/四層,1,,12,1,1,0,24.34760340506958,120.60741563959625,無,"188,053",bt_02.png,16,86.15,fcYlx9EUwGx9dCGgKxIQv7fBzSewkXJDY2E8j6ItdLw=,房地(土地+建物),"1,620",Biz,5房2廳5衛有隔間,B22
鄉村區,乙種建築用地,南北八路50巷1~30號,透天厝,,B,,10902,無,,全/一層,0,53,13,1,1,0,24.370670870580486,120.59680821145331,無,"220,886",bt_02.png,24,23.99,+fnpo1Dm7fLGVYa2xepH+rfBzSewkXJDY2E8j6ItdLw=,房地(土地+建物),530,Biz,2房1廳1衛有隔間,B22
住,,中松路1~30號,透天厝,,B,,10902,無,,全/三層,0,24,14,1,1,0,24.346447630104972,120.58715735804253,無,"129,772",bt_02.png,10,62.26,Q+weOZv+zBzvrl3OhQmaQLfBzSewkXJDY2E8j6ItdLw=,房地(土地+建物),808,Biz,4房2廳3衛有隔間,B22
特定農業區,甲種建築用地,東西四路一段80巷1~30號,透天厝,,B,,10901,無,,全/三層,0,20,15,2,1,0,24.37990628094972,120.61901324731214,無,"70,823",bt_02.png,22,56.48,d6e2Umo6LEcyr9jX6U56SLfBzSewkXJDY2E8j6ItdLw=,房地(土地+建物),400,Biz,4房2廳3衛有隔間,B22
商,,中山南路301~330號,透天厝,,B,,10812,無,,全/二層,0,47,16,2,1,0,24.345693178713482,120.58663156782788,無,"264,413",bt_02.png,9,32.52,wqe1n97iWbDzgz5F6lRWhLfBzSewkXJDY2E8j6ItdLw=,房地(土地+建物),860,Biz,2房1廳2衛有隔間,B22
商,,中山南路331~360號,透天厝,,B,,10812,無,,全/一層,0,62,17,1,1,0,24.34590695024999,120.5868811952216,無,"680,056",bt_02.png,10,13.97,uDjkeaTw/86s/fhpERrPVLfBzSewkXJDY2E8j6ItdLw=,房地(土地+建物),950,Biz,2房1廳1衛有隔間,B22
住,,中山南路361~390號,透天厝,,B,,10812,無,,全/二層,0,38,18,2,1,0,24.346626673209062,120.58625896624899,無,"205,375",bt_02.png,12,40.41,HCcVaL/0VqedPHfiKW6iHbfBzSewkXJDY2E8j6ItdLw=,房地(土地+建物),830,Biz,2房1廳2衛有隔間,B22
特定農業區,甲種建築用地,東西四路二段181~210號,透天厝,,B,,10812,無,,全/三層,0,24,19,2,1,0,24.38165709185679,120.60894548358588,無,"21,319",bt_02.png,20,49.25,mNJg9gnjV3WGKRmw3Ix5mLfBzSewkXJDY2E8j6ItdLw=,房地(土地+建物),105,Biz,5房2廳3衛有隔間,B22
鄉村區,乙種建築用地,松十街31~60號,透天厝,,B,,10812,無,,全/四層,1,,20,1,1,0,24.3622611741458,120.60552776156644,無,"192,340",bt_02.png,10,56.15,lJuvhudBWjGZRtTNEFJO07fBzSewkXJDY2E8j6ItdLw=,房地(土地+建物),"1,080",Biz,4房2廳3衛有隔間,B22
特定農業區,甲種建築用地,東西四路一段76巷1~30號,透天厝,,B,,10811,無,,全/三層,0,24,21,2,1,0,24.37985210571474,120.61919134345717,無,"99,987",bt_02.png,20,50.01,pPouUHyeyGKbM6n3oXWZ4rfBzSewkXJDY2E8j6ItdLw=,房地(土地+建物),500,Biz,4房1廳3衛有隔間,B22
特定農業區,甲種建築用地,興安路31~60號,透天厝,,B,,10811,有,,全/四層,1,,22,1,1,0,24.347463175723522,120.6075498085276,無,"161,431",bt_02.png,13,89.82,ESe7ATWk5YPRfzj52nprF7fBzSewkXJDY2E8j6ItdLw=,房地(土地+建物),"1,450",Biz,5房2廳5衛有隔間,B22
鄉村區,乙種建築用地,大安港路1120巷3弄1~30號,透天厝,,B,,10811,無,,全/四層,0,22,23,2,1,0,24.379461385676514,120.58754015115706,無,"84,826",bt_02.png,26,61.30,kKkTm9q2MX4P4ZmG/7j0s7fBzSewkXJDY2E8j6ItdLw=,房地(土地+建物),520,Biz,5房2廳4衛有隔間,B22
鄉村區,乙種建築用地,松十街1~30號,透天厝,,B,,10811,無,,全/二層,0,2,24,1,1,0,24.361216671438964,120.60551798938188,無,"276,579",bt_02.png,11,37.96,ea3lZh3jLYNtlpjESBJFybfBzSewkXJDY2E8j6ItdLw=,房地(土地+建物),"1,050",Biz,4房2廳3衛有隔間,B22
鄉村區,乙種建築用地,龜?E里中山南路740巷1~30號,透天厝,,B,,10810,無,,全/一層,0,49,25,1,1,0,24.363715380518123,120.58724475655437,無,"90,694",bt_02.png,16,22.05,dUfoYD9Tvp7QT4jd899Ks7fBzSewkXJDY2E8j6ItdLw=,房地(土地+建物),200,Biz,2房2廳1衛有隔間,B22
鄉村區,乙種建築用地,松十街31~60號,透天厝,,B,,10810,無,,全/四層,1,,26,1,1,0,24.362296724917304,120.60538000162705,無,"194,476",bt_02.png,11,61.70,9Pwp/5wVwJe0yQOYZo/VD7fBzSewkXJDY2E8j6ItdLw=,房地(土地+建物),"1,200",Biz,4房2廳3衛有隔間,B22
鄉村區,乙種建築用地,松六街31~60號,透天厝,,B,,10809,無,,全/五層,1,,27,2,1,0,24.362391614443556,120.60447517966817,無,"177,838",bt_02.png,15,123.71,79WrwFfy4iPPNPZl73etZrfBzSewkXJDY2E8j6ItdLw=,房地(土地+建物),"2,200",Biz,5房2廳6衛有隔間,B22
特定農業區,甲種建築用地,興安路151~180號,透天厝,,B,,10809,無,,全/二層,0,42,28,1,1,0,24.346391912402797,120.60177775186293,無,"154,288",bt_02.png,10,27.22,hwjDA0SH4dBks5NfvjDRFLfBzSewkXJDY2E8j6ItdLw=,房地(土地+建物),420,Biz,3房2廳2衛有隔間,B22
特定農業區,甲種建築用地,中山北路241~270號,透天厝,,B,,10809,無,,全/二層,0,21,29,1,1,0,24.387643155543447,120.5963215980491,無,"40,344",bt_02.png,16,69.40,EcyCpTKXK55c0PL4905SKLfBzSewkXJDY2E8j6ItdLw=,房地(土地+建物),280,Biz,4房2廳3衛有隔間,B22
特定農業區,甲種建築用地,東西三路377巷1~30號,透天厝,,B,,10809,無,,全/三層,0,24,30,3,1,0,24.38628059038479,120.59730387026421,無,"78,026",bt_02.png,21,41.78,/PMYpuXmLRHSeVnGrwDoEbfBzSewkXJDY2E8j6ItdLw=,房地(土地+建物),326,Biz,3房2廳2衛有隔間,B22
鄉村區,乙種建築用地,松十街31~60號,透天厝,,B,,10807,無,,全/四層,1,,31,1,1,0,24.362229535097587,120.60551307498122,無,"199,210",bt_02.png,10,55.22,R1HEYSASWR4QZBD6NdmVY7fBzSewkXJDY2E8j6ItdLw=,房地(土地+建物),"1,100",Biz,4房2廳3衛有隔間,B22
特定農業區,甲種建築用地,東西四路二段141巷31~60號,透天厝,,B,,10805,無,,全/三層,0,25,32,3,1,0,24.379751085872186,120.61299551473992,無,"61,233",bt_02.png,30,52.26,TWS4tXIOnrtCzz9TsEL+SLfBzSewkXJDY2E8j6ItdLw=,房地(土地+建物),320,Biz,3房2廳3衛有隔間,B22
鄉村區,乙種建築用地,松七街1~30號,透天厝,,B,,10805,無,,全/三層,0,7,33,1,1,0,24.361780597190528,120.60467154615375,無,"182,549",bt_02.png,11,54.78,ZFpvbAnRUoFe7OKl/vso/bfBzSewkXJDY2E8j6ItdLw=,房地(土地+建物),"1,000",Biz,4房2廳4衛有隔間,B22
特定農業區,甲種建築用地,東西八路二段50巷1~30號,透天厝,,B,,10805,無,,全/三層,0,25,34,1,1,0,24.371963523587297,120.60302055743705,無,"95,828",bt_02.png,9,39.65,FFTrucDKTnolt56ewvNMfrfBzSewkXJDY2E8j6ItdLw=,房地(土地+建物),380,Biz,4房2廳3衛有隔間,B22
鄉村區,乙種建築用地,埔頭路22巷1~30號,透天厝,,B,,10804,無,,全/二層,0,20,35,2,1,0,24.352198022646114,120.59142000969604,無,"146,793",bt_02.png,21,17.03,kBo0Su8Yc58cg57jXW+Q3LfBzSewkXJDY2E8j6ItdLw=,房地(土地+建物),250,Biz,4房3廳3衛有隔間,B22
特定農業區,農牧用地,田尾路31~60號,農舍,,B,,10804,無,,"一層,二層,屋頂突出物/二層",0,25,36,1,1,0,24.38970546528616,120.60839279211697,無,"96,043",bt_10.png,33,67.68,DNw/v3ZOHF0rSOmpnkWCa7fBzSewkXJDY2E8j6ItdLw=,房地(土地+建物),650,Biz,4房2廳4衛有隔間,B22
農,,中松路73巷31~60號,透天厝,,B,,10804,無,,全/三層,0,24,37,2,1,0,24.348677870703327,120.58734772690771,無,"76,668",bt_02.png,20,71.74,0RWFw7AylipG8m94dUIMMLfBzSewkXJDY2E8j6ItdLw=,房地(土地+建物),550,Biz,4房3廳3衛有隔間,B22
鄉村區,乙種建築用地,松二街31~60號,透天厝,,B,,10804,無,,全/二層,0,24,38,1,1,0,24.361800603869423,120.60479784326623,無,"52,165",bt_02.png,10,17.22,Q8rpHnS7LjP10cnBfWqCK7fBzSewkXJDY2E8j6ItdLw=,房地(土地+建物),89,Biz,3房2廳3衛有隔間,B22
農,,中松路73巷1~30號,透天厝,,B,,10804,無,,全/三層,0,24,39,3,1,0,24.348702183928186,120.58765710732874,無,"137,402",bt_02.png,21,47.67,h2AMYpIYoHGhbtJL62XYobfBzSewkXJDY2E8j6ItdLw=,房地(土地+建物),655,Biz,5房2廳4衛有隔間,B22
鄉村區,乙種建築用地,松七街31~60號,透天厝,,B,,10803,無,,全/四層,0,,40,1,1,0,24.362472373976768,120.60459409333131,無,"152,403",bt_02.png,12,72.18,pJBH1i+J2iwonlBr0l4x8LfBzSewkXJDY2E8j6ItdLw=,房地(土地+建物),"1,100",Biz,4房3廳4衛有隔間,B22
住,,中山南路91~120號,店面（店舖),100.00%,B,,10803,無,,一層/一層,1,23,41,2,1,0,24.339190622430554,120.5916854458146,無,"232,866",bt_03.png,23,85.89,y0k6gdGgaCTl834u+MG8ALfBzSewkXJDY2E8j6ItdLw=,房地(土地+建物),"2,000",Biz,2房1廳2衛有隔間,B22
鄉村區,乙種建築用地,松七街31~60號,透天厝,,B,,10803,無,,全/四層,0,,42,1,1,0,24.362397321773745,120.60458752561172,無,"149,388",bt_02.png,11,70.29,mdfSrmYYyoD5hMpoilxU+bfBzSewkXJDY2E8j6ItdLw=,房地(土地+建物),"1,050",Biz,4房3廳4衛有隔間,B22
鄉村區,乙種建築用地,興安路165巷31~60號,透天厝,,B,,10802,無,,全/四層,0,,43,2,1,0,24.345334764166918,120.5983424029642,無,"144,069",bt_02.png,12,57.61,5wbFTLWCqodvZB7P6Upn67fBzSewkXJDY2E8j6ItdLw=,房地(土地+建物),830,Biz,4房3廳3衛有隔間,B22
住,,中松路31~60號,透天厝,,B,,10802,無,,全/二層,0,39,44,1,1,0,24.347342468123788,120.5875092468194,無,"124,691",bt_02.png,10,41.52,5erqbs0Fhk5O3Ber7wkW8rfBzSewkXJDY2E8j6ItdLw=,房地(土地+建物),517,Biz,3房2廳2衛有隔間,B22
鄉村區,乙種建築用地,松三街1~30號,透天厝,,B,,10802,無,,全/四層,1,,45,1,1,0,24.362429643148765,120.60344496222014,無,"173,722",bt_02.png,12,83.47,bHmtZFD+bib2HWkUC+QBi7fBzSewkXJDY2E8j6ItdLw=,房地(土地+建物),"1,450",Biz,5房2廳4衛有隔間,B22
住,,中山南路511~540號,透天厝,,B,,10801,無,,全/二層,0,40,46,3,1,0,24.350884979515634,120.5843607451819,無,"106,314",bt_02.png,9,31.98,vfr80kXX95jLmvTm9L5+prfBzSewkXJDY2E8j6ItdLw=,房地(土地+建物),340,Biz,5房3廳1衛有隔間,B22
鄉村區,乙種建築用地,興安路165巷31~60號,透天厝,,B,,10801,無,,全/四層,0,,47,1,1,0,24.345212664048315,120.59846656851607,無,"150,281",bt_02.png,12,55.23,4ltniIKav/VFR/eh6MFzubfBzSewkXJDY2E8j6ItdLw=,房地(土地+建物),830,Biz,4房3廳3衛有隔間,B22
鄉村區,乙種建築用地,埔頭路22巷1~30號,透天厝,,B,,10712,無,,全/二層,0,20,48,2,1,0,24.35230726718837,120.59158671268555,無,"232,264",bt_02.png,21,24.97,GCNU6LzxKSEu9jPVSpFKCbfBzSewkXJDY2E8j6ItdLw=,房地(土地+建物),580,Biz,6房2廳3衛有隔間,B22
住,,中庄里南安路1~30號,透天厝,,B,,10711,無,,全/二層,0,35,49,1,1,0,24.349946669686144,120.58363154630051,無,"134,030",bt_02.png,9,25.37,/BOIcGjjmBJzlQjbTlDmArfBzSewkXJDY2E8j6ItdLw=,房地(土地+建物),340,Biz,4房2廳2衛有隔間,B22
特定農業區,甲種建築用地,松九街115巷1~30號,透天厝,,B,,10710,無,,全/三層,0,2,50,2,1,0,24.36439715832245,120.60541665872694,無,"136,955",bt_02.png,17,59.87,oyTVZ2SfEe3SwZeb/9JWprfBzSewkXJDY2E8j6ItdLw=,房地(土地+建物),820,Biz,4房2廳3衛有隔間,B22
特定農業區,農牧用地,東西七路二段151~180號,透天厝,,B,,10710,無,,全/一層,-1,24,51,1,1,0,24.375324791316235,120.59762936868313,無,"139,445",bt_02.png,39,53.78,F16JTXoxroMpZAg0t25IzLfBzSewkXJDY2E8j6ItdLw=,房地(土地+建物),750,Biz,6房2廳2衛有隔間,B22
住,,中山南路61~90號,透天厝,,B,,10708,無,,全/四層,-1,1,52,2,1,0,24.337514814000972,120.59227992134154,無,"141,041",bt_02.png,13,81.54,XWlW9VpNE99Y1PjvH+5b+rfBzSewkXJDY2E8j6ItdLw=,房地(土地+建物),"1,150",Biz,4房3廳4衛有隔間,B22
特定農業區,農牧用地,東西六路二段31~60號,農舍,,B,,10707,無,,"一層,二層,屋頂突出物/二層",0,22,53,1,1,0,24.37581206763788,120.60959976360985,無,"267,719",bt_10.png,45,70.52,zEasnRSa4ERNIYSAesqn87fBzSewkXJDY2E8j6ItdLw=,房地(土地+建物),"1,888",Biz,5房2廳3衛有隔間,B22
鄉村區,乙種建築用地,中山北路89巷31~60號,透天厝,,B,,10707,無,,全/三層,-1,40,54,1,1,0,24.38049978648184,120.58624146033249,無,"42,714",bt_02.png,8,43.31,wKVZ7aHdnbxo+ul3i5BjE7fBzSewkXJDY2E8j6ItdLw=,房地(土地+建物),185,Biz,5房2廳3衛有隔間,B22
住,,中松路56巷1~30號,透天厝,,B,,10706,無,,全/二層,-1,38,55,1,1,0,24.346979250721766,120.58828366693652,無,"142,026",bt_02.png,11,40.84,j4kd+usNYROkLhYNrVn0UrfBzSewkXJDY2E8j6ItdLw=,房地(土地+建物),580,Biz,5房3廳3衛有隔間,B22
住,,中山南路61~90號,透天厝,,B,,10706,無,,全/四層,0,1,56,3,1,0,24.33765269259708,120.59224715713574,無,"139,517",bt_02.png,10,69.38,wdoFr6HnuqaQHlTBS9+AI7fBzSewkXJDY2E8j6ItdLw=,房地(土地+建物),968,Biz,4房3廳3衛有隔間,B22
特定農業區,甲種建築用地,東西八路二段50巷1~30號,透天厝,,B,,10706,無,,全/三層,-1,24,57,1,1,0,24.37201368491184,120.60321261641087,無,"105,296",bt_02.png,10,42.26,4whN20TnbQ1xI5Lbz/Fk1LfBzSewkXJDY2E8j6ItdLw=,房地(土地+建物),445,Biz,4房1廳3衛有隔間,B22
鄉村區,乙種建築用地,中山北路363巷1~30號,透天厝,,B,,10706,無,,全/二層,0,37,58,1,1,0,24.393912605327827,120.5996201864863,無,"61,051",bt_02.png,11,36.85,CXxV9QuLaRU0wk/huG4+erfBzSewkXJDY2E8j6ItdLw=,房地(土地+建物),225,Biz,5房2廳2衛有隔間,B22
鄉村區,乙種建築用地,松十街61~90號,透天厝,,B,,10705,無,,全/四層,1,,59,1,1,0,24.362065659021972,120.60561392161628,無,"154,377",bt_02.png,11,66.72,YmgDdjZ9Cd4nxXYKHtEd1rfBzSewkXJDY2E8j6ItdLw=,房地(土地+建物),"1,030",Biz,4房2廳3衛有隔間,B22
特定農業區,甲種建築用地,東西七路二段61~90號,透天厝,,B,,10705,無,,全/三層,-1,23,60,2,1,0,24.373724254950044,120.608432163623,無,"81,937",bt_02.png,18,57.36,hJnfAqviRqQClokftgB6MLfBzSewkXJDY2E8j6ItdLw=,房地(土地+建物),470,Biz,4房2廳4衛有隔間,B22
鄉村區,乙種建築用地,松十街31~60號,透天厝,,B,,10705,無,,全/四層,1,,61,1,1,0,24.3619918759294,120.60564549377418,無,"153,779",bt_02.png,11,66.72,YjhoIxN1S6CtHwNnQV8/arfBzSewkXJDY2E8j6ItdLw=,房地(土地+建物),"1,026",Biz,4房2廳3衛有隔間,B22
住,,東安里福東一路82巷1~30號,透天厝,,B,,10705,無,,全/二層,-1,38,62,1,1,0,24.33778065030619,120.59004100426306,無,"108,833",bt_02.png,11,18.38,omRfREQC43B2+BfaW9j6JLfBzSewkXJDY2E8j6ItdLw=,房地(土地+建物),200,Biz,4房2廳2衛有隔間,B22
鄉村區,乙種建築用地,松十街61~90號,透天厝,,B,,10705,無,,全/四層,1,,63,1,1,0,24.36203159506836,120.60571062027702,無,"145,722",bt_02.png,11,70.68,f1hS+Z2jYp6GU8I/6BwHJrfBzSewkXJDY2E8j6ItdLw=,房地(土地+建物),"1,030",Biz,4房2廳3衛有隔間,B22
特定農業區,甲種建築用地,東西九路61~90號,透天厝,,B,,10705,無,,全/三層,-1,20,64,1,1,0,24.36737343995647,120.60436319232561,無,"108,843",bt_02.png,12,55.58,cIJ0mzc8qKWaTe/CXKo6l7fBzSewkXJDY2E8j6ItdLw=,房地(土地+建物),605,Biz,5房3廳3衛有隔間,B22
鄉村區,乙種建築用地,松十街31~60號,透天厝,,B,,10705,無,,全/四層,1,,65,1,1,0,24.361955619972527,120.60562599184881,無,"151,094",bt_02.png,11,67.84,sDU2ReK6TGdZBsMLwTkxHbfBzSewkXJDY2E8j6ItdLw=,房地(土地+建物),"1,025",Biz,4房2廳3衛有隔間,B22
特定農業區,甲種建築用地,南海路91~120號,透天厝,,B,,10704,無,,全/二層,-1,32,66,1,1,0,24.35460152404353,120.57283531443487,無,"70,020",bt_02.png,13,49.99,+PUOuECNN8bvirS0bWaVtrfBzSewkXJDY2E8j6ItdLw=,房地(土地+建物),350,Biz,3房2廳2衛有隔間,B22
鄉村區,乙種建築用地,松七街1~30號,透天厝,,B,,10704,無,,全/三層,0,15,67,1,1,0,24.361722690056464,120.60434961854779,無,"170,655",bt_02.png,9,48.64,ACFKQvT9YBYNuGaIE9rJALfBzSewkXJDY2E8j6ItdLw=,房地(土地+建物),830,Biz,4房2廳3衛有隔間,B22
特定農業區,甲種建築用地,東西八路二段96巷1~30號,透天厝,,B,,10704,無,,全/二層,-1,38,68,1,1,0,24.37148963588272,120.60066420250975,無,"62,717",bt_02.png,10,31.89,F2lvCimImRMGP5VqCvf2xbfBzSewkXJDY2E8j6ItdLw=,房地(土地+建物),200,Biz,3房2廳2衛有隔間,B22
住,,中山南路79巷1~30號,透天厝,,B,,10704,無,,全/四層,0,1,69,1,1,0,24.33742439691457,120.5919640777347,無,"145,709",bt_02.png,10,53.19,YYfMaeIzwoIiIwGdeMXqH7fBzSewkXJDY2E8j6ItdLw=,房地(土地+建物),775,Biz,4房3廳3衛有隔間,B22
特定農業區,甲種建築用地,南海路91~120號,透天厝,,B,,10704,無,,全/二層,-1,32,70,1,1,0,24.354650704548384,120.57276152627298,無,"70,020",bt_02.png,12,49.99,HQdIG0UA1vZ41WzH0bgLKLfBzSewkXJDY2E8j6ItdLw=,房地(土地+建物),350,Biz,3房2廳2衛有隔間,B22
住,,中山南路61~90號,透天厝,,B,,10703,無,,全/四層,0,1,71,2,1,0,24.337446137828294,120.59246402654264,無,"154,298",bt_02.png,12,67.60,DeSJyFBcrBxHQp5n9OuRQbfBzSewkXJDY2E8j6ItdLw=,房地(土地+建物),"1,043",Biz,5房3廳4衛有隔間,B22
特定農業區,甲種建築用地,松九街121~150號,透天厝,,B,,10703,無,,全/三層,1,,72,3,1,0,24.366307038006134,120.60725395048937,無,"132,053",bt_02.png,22,51.87,ehmH2RjTh4DdqcTj6tfVQ7fBzSewkXJDY2E8j6ItdLw=,房地(土地+建物),685,Biz,5房2廳3衛有隔間,B22
特定農業區,甲種建築用地,中庄里埔頭路91~120號,透天厝,,B,,10703,無,,全/二層,-1,38,73,1,1,0,24.35838356354484,120.59033174669904,無,"55,564",bt_02.png,10,41.39,VTvpEcJmOnmlM6zI5K6rH7fBzSewkXJDY2E8j6ItdLw=,房地(土地+建物),230,Biz,3房2廳2衛有隔間,B22
住,,三元路3巷31~60號,透天厝,,B,,10702,無,,全/二層,-1,39,74,1,1,0,24.35091753601697,120.58441395745552,無,"61,319",bt_02.png,11,32.62,KRYJzvZfs/jKwvJ1rsjgsLfBzSewkXJDY2E8j6ItdLw=,房地(土地+建物),200,Biz,3房2廳2衛有隔間,B22
住,,中松路56巷1~30號,透天厝,,B,,10702,無,,全/二層,-1,37,75,2,1,0,24.347079749562997,120.58818321247907,無,"122,436",bt_02.png,10,40.84,W8E/uE6s+9hCgtRa0HK2/rfBzSewkXJDY2E8j6ItdLw=,房地(土地+建物),500,Biz,5房2廳6衛有隔間,B22
特定農業區,甲種建築用地,福東路1~30號,透天厝,,B,,10701,無,,全/三層,-1,20,76,1,1,0,24.345273059995428,120.60165195160124,無,"98,294",bt_02.png,12,71.21,CcVzGPznPFKpiLn8qgdR7bfBzSewkXJDY2E8j6ItdLw=,房地(土地+建物),700,Biz,5房3廳3衛有隔間,B22
特定農業區,甲種建築用地,福東路1~30號,透天厝,,B,,10701,無,,全/三層,-1,20,77,2,1,0,24.345185032489955,120.6017189462003,無,"112,433",bt_02.png,17,71.15,sdCeeYZHX8Pr7lbrue2VA7fBzSewkXJDY2E8j6ItdLw=,房地(土地+建物),800,Biz,5房3廳3衛有隔間,B22
特定農業區,甲種建築用地,福東路1~30號,透天厝,,B,,10701,無,,全/三層,-1,20,78,2,1,0,24.345185032489955,120.6017189462003,無,"112,433",bt_02.png,17,71.15,LHAbCC4DTxSZ1xFaZZiJ1LfBzSewkXJDY2E8j6ItdLw=,房地(土地+建物),800,Biz,5房3廳3衛有隔間,B22
住,,中山南路63巷1~30號,透天厝,,B,,10701,無,,全/三層,-1,2,79,7,1,0,24.336821547865636,120.5925764934288,無,"135,600",bt_02.png,24,62.68,VtkKHZoj2TTwc+hNIBQc2LfBzSewkXJDY2E8j6ItdLw=,房地(土地+建物),850,Biz,4房3廳5衛有隔間,B22
住,,中山南路79巷1~30號,透天厝,,B,,10701,無,,全/四層,0,,80,1,1,0,24.337400611788517,120.59218785149262,無,"150,608",bt_02.png,10,62.08,8+UhcsCG8iMnpj4qfq3GJbfBzSewkXJDY2E8j6ItdLw=,房地(土地+建物),935,Biz,4房3廳3衛有隔間,B22
住,,中山南路79巷1~30號,透天厝,,B,,10612,無,,全/四層,0,,81,2,1,0,24.33725360447729,120.59225040552792,無,"143,319",bt_02.png,15,63.49,j/BB/BlPTHw80h9ooSs4gLfBzSewkXJDY2E8j6ItdLw=,房地(土地+建物),910,Biz,5房3廳4衛有隔間,B22
住,,中山南路79巷1~30號,透天厝,,B,,10612,無,,全/四層,0,,82,2,1,0,24.337192002478748,120.59233781506083,無,"159,544",bt_02.png,16,58.29,etdWyXSKWsqDbQa55167SLfBzSewkXJDY2E8j6ItdLw=,房地(土地+建物),930,Biz,4房3廳3衛有隔間,B22
商,,中山南路301~330號,透天厝,,B,,10612,無,,全/二層,0,45,83,2,1,0,24.34538408643596,120.58685234068481,無,"115,524",bt_02.png,10,18.99,NX1DmH47teR57ISEXO0llrfBzSewkXJDY2E8j6ItdLw=,房地(土地+建物),219,Biz,4房2廳2衛有隔間,B22
住,,中山南路79巷1~30號,透天厝,,B,,10612,無,,全/四層,0,,84,2,1,0,24.33752092854485,120.59210518099174,無,"154,007",bt_02.png,22,50.65,AbwnTLoMHu8r1gCTXbnTHLfBzSewkXJDY2E8j6ItdLw=,房地(土地+建物),780,Biz,4房3廳3衛有隔間,B22
鄉村區,乙種建築用地,松十街61~90號,透天厝,,B,,10611,無,,全/四層,-1,16,85,1,1,0,24.36219589622795,120.60576747565904,無,"101,326",bt_02.png,10,54.28,t4EcMnCPvgmHZbQ98/TZvbfBzSewkXJDY2E8j6ItdLw=,房地(土地+建物),550,Biz,4房2廳3衛有隔間,B22
住,,中山南路61~90號,店面（店舖),92.56%,B,,10610,無,,"一層,二層,三層,四層,騎樓/四層",0,,86,2,1,0,24.337563540910377,120.59233514784265,無,"146,360",bt_03.png,10,69.55,YNcEKH2XexZj4OMylKU7ErfBzSewkXJDY2E8j6ItdLw=,房地(土地+建物),"1,018",Biz,5房2廳4衛有隔間,B22
農,,中松路73巷1~30號,透天厝,,B,1,10610,無,,全/三層,-1,22,87,2,1,1,24.3487711513623,120.5876209117684,有,"74,621",bt_02.png,21,73.70,uULmt+Uydb4mOeRv979wKLfBzSewkXJDY2E8j6ItdLw=,房地(土地+建物)+車位,550,Biz,4房4廳3衛有隔間,B22
住,,中山南路79巷1~30號,透天厝,,B,,10610,無,,全/四層,0,,88,2,1,0,24.33752092854485,120.59210518099174,無,"157,861",bt_02.png,22,60.05,YaSvVYP6DCd1rFzAgOv5IrfBzSewkXJDY2E8j6ItdLw=,房地(土地+建物),948,Biz,5房2廳3衛有隔間,B22
住,,福東一路63巷31~60號,透天厝,,B,,10608,無,,全/二層,-1,35,89,1,1,0,24.336568093817505,120.59116466809787,無,"62,562",bt_02.png,9,27.97,0VBGYiXZGvkWP6Afkuqib7fBzSewkXJDY2E8j6ItdLw=,房地(土地+建物),175,Biz,,B22
特定農業區,農牧用地,甲六路91~120號,農舍,,B,,10608,無,,"一層,二層,屋頂突出物/二層",0,23,90,1,1,0,24.337786148479147,120.57378523325566,無,"63,018",bt_10.png,24,72.99,+v8m/9WIc/qIvLKAcPf8rbfBzSewkXJDY2E8j6ItdLw=,房地(土地+建物),460,Biz,4房2廳2衛有隔間,B22
特定農業區,甲種建築用地,松九街115巷1~30號,透天厝,,B,,10608,無,,全/三層,-1,1,91,3,1,0,24.364237538221104,120.60549304966443,無,"144,122",bt_02.png,16,52.04,7u82lg9Gt0ZJ+s+6M98lw7fBzSewkXJDY2E8j6ItdLw=,房地(土地+建物),750,Biz,4房2廳1衛有隔間,B22
特定農業區,甲種建築用地,松九街115巷1~30號,透天厝,,B,,10608,無,,全/三層,-1,1,92,2,1,0,24.364237538221104,120.60549304966443,無,"131,855",bt_02.png,17,57.34,LrgFymvqqr0Md9HgxDZm8rfBzSewkXJDY2E8j6ItdLw=,房地(土地+建物),756,Biz,4房2廳3衛有隔間,B22
住,,中松路55巷1~30號,透天厝,,B,,10608,無,,全/二層,-1,37,93,1,1,0,24.34754040293081,120.58725236778179,無,"122,436",bt_02.png,9,24.09,mReCke6SEjPYSO+dESXYJbfBzSewkXJDY2E8j6ItdLw=,房地(土地+建物),295,Biz,2房2廳2衛有隔間,B22
特定農業區,甲種建築用地,南北九路83巷1~30號,透天厝,,B,,10608,無,,全/二層,0,37,94,1,1,0,24.378734662068307,120.59124506761508,無,"47,124",bt_02.png,10,42.44,AJ5IpDaby3exvIQ3KtdBpLfBzSewkXJDY2E8j6ItdLw=,房地(土地+建物),200,Biz,3房2廳2衛有隔間,B22
特定農業區,甲種建築用地,東西九路61~90號,透天厝,,B,,10607,無,,全/三層,0,19,95,1,1,0,24.36741183586275,120.60427160131832,無,"109,742",bt_02.png,12,55.58,xxwKPnqVW+jUTV9RLf++J7fBzSewkXJDY2E8j6ItdLw=,房地(土地+建物),610,Biz,5房3廳3衛有隔間,B22
鄉村區,乙種建築用地,松二街31~60號,透天厝,,B,,10606,無,,全/三層,1,,96,1,1,0,24.361820381125597,120.605458161939,無,"155,633",bt_02.png,10,61.04,ZXzNiS/T00BXKTcf8rs0wbfBzSewkXJDY2E8j6ItdLw=,房地(土地+建物),950,Biz,4房2廳4衛有隔間,B22
鄉村區,乙種建築用地,松二街31~60號,透天厝,,B,,10606,無,,全/三層,1,,97,1,1,0,24.36190243641753,120.60530877977389,無,"163,821",bt_02.png,11,61.04,MqPmYueZu7nr9B4pjZdjdLfBzSewkXJDY2E8j6ItdLw=,房地(土地+建物),"1,000",Biz,4房2廳2衛有隔間,B22
特定農業區,甲種建築用地,松九街115巷1~30號,透天厝,,B,,10605,無,,全/三層,1,,98,3,1,0,24.364195137810736,120.60550993737016,無,"137,974",bt_02.png,5,52.04,KgnYhR7EK//ctbz++3IgX7fBzSewkXJDY2E8j6ItdLw=,房地(土地+建物),718,Biz,4房2廳3衛有隔間,B22
鄉村區,乙種建築用地,松七街31~60號,透天厝,,B,,10604,無,,全/四層,1,,99,1,1,0,24.362253156407107,120.60452834210308,無,"149,402",bt_02.png,9,54.89,kund9N032BBJ5vumojiyubfBzSewkXJDY2E8j6ItdLw=,房地(土地+建物),820,Biz,5房2廳3衛有隔間,B22
鄉村區,乙種建築用地,松七街1~30號,透天厝,,B,,10604,無,,全/四層,1,,100,1,1,0,24.362138217683935,120.60442717798611,無,"149,402",bt_02.png,9,54.89,i5tc5yIAmLnumLBVsHr/XLfBzSewkXJDY2E8j6ItdLw=,房地(土地+建物),820,Biz,5房2廳3衛有隔間,B22
鄉村區,乙種建築用地,松七街31~60號,透天厝,,B,,10603,無,,全/四層,1,,101,1,1,0,24.362161920297826,120.60450989843619,無,"151,372",bt_02.png,9,54.17,UAVETDSkFrgYiGyYqBRe67fBzSewkXJDY2E8j6ItdLw=,房地(土地+建物),820,Biz,5房2廳3衛有隔間,B22
鄉村區,乙種建築用地,中山北路61~90號,透天厝,,B,,10603,無,,全/三層,-1,17,102,1,1,0,24.37965619153506,120.58666375331643,無,"99,240",bt_02.png,11,26.20,7bhfPo88xVlI7r4FCR/hmrfBzSewkXJDY2E8j6ItdLw=,房地(土地+建物),260,Biz,5房2廳2衛有隔間,B22
住,,中山南路304巷1~30號,透天厝,,B,,10603,無,,全/三層,0,,103,1,1,0,24.346622110978636,120.58756874085095,無,"143,970",bt_02.png,10,59.73,r+CgFgiVSChJ7w14oaK66bfBzSewkXJDY2E8j6ItdLw=,房地(土地+建物),860,Biz,5房2廳3衛有隔間,B22
特定農業區,甲種建築用地,大安港路1079巷1~30號,透天厝,,B,,10603,無,,全/二層,-1,37,104,1,1,0,24.377755742218262,120.58917613837093,無,"10,532",bt_02.png,9,33.90,ZhgcPq0WV952nl1ZxUhYZ7fBzSewkXJDY2E8j6ItdLw=,房地(土地+建物),35,Biz,3房2廳2衛有隔間,B22
住,,中山南路304巷1~30號,透天厝,,B,,10603,無,,全/三層,0,,105,1,1,0,24.346627214374212,120.58745440366734,無,"143,970",bt_02.png,10,59.73,VkrD7rl/errLgAmFFD9Ni7fBzSewkXJDY2E8j6ItdLw=,房地(土地+建物),860,Biz,5房2廳3衛有隔間,B22
住,,福東二路31~60號,透天厝,,B,,10602,無,,全/二層,-1,31,106,1,1,0,24.335480365899716,120.59210186045476,無,"81,028",bt_02.png,23,53.71,aFFJrCOyTpbdqwUTPAypFrfBzSewkXJDY2E8j6ItdLw=,房地(土地+建物),435,Biz,6房3廳3衛有隔間,B22
住,,中山南路304巷1~30號,透天厝,,B,,10601,無,,全/三層,0,,107,1,1,0,24.34658201717994,120.58743483965755,無,"142,298",bt_02.png,10,59.73,PxJtUaUFPb1dv8S5ORhN+7fBzSewkXJDY2E8j6ItdLw=,房地(土地+建物),850,Biz,5房2廳3衛有隔間,B22
特定農業區,甲種建築用地,松九街121~150號,透天厝,,B,,10601,無,,全/三層,1,,108,3,1,0,24.366371600097192,120.60725227264656,無,"132,519",bt_02.png,22,51.31,EqPqFo6pEG9KRuhwEIjtMrfBzSewkXJDY2E8j6ItdLw=,房地(土地+建物),680,Biz,5房2廳3衛有隔間,B22
特定農業區,甲種建築用地,松九街121~150號,透天厝,,B,,10601,無,,全/三層,1,,109,3,1,0,24.366301179343605,120.60708246081062,無,"144,060",bt_02.png,23,51.37,fgJbz4ZE4U6t5124/rtgALfBzSewkXJDY2E8j6ItdLw=,房地(土地+建物),740,Biz,5房2廳3衛有隔間,B22
鄉村區,乙種建築用地,松七街1~30號,透天厝,,B,,10512,無,,全/四層,1,,110,1,1,0,24.36220320267236,120.60441514821059,無,"151,372",bt_02.png,9,54.17,wG6a+cYUAjTk1zCgzd2TzrfBzSewkXJDY2E8j6ItdLw=,房地(土地+建物),820,Biz,5房2廳3衛有隔間,B22
住,,中庄里南安路7巷1~30號,透天厝,,B,,10512,無,,全/二層,-1,33,111,1,1,0,24.349682206831904,120.58399115006051,無,"89,673",bt_02.png,10,35.69,WOgbYGaPHpnSkae/7Mgjj7fBzSewkXJDY2E8j6ItdLw=,房地(土地+建物),320,Biz,4房2廳2衛有隔間,B22
特定農業區,農牧用地,南北八路1~30號,透天厝,,B,,10512,無,,全/二層,-1,16,112,1,1,0,24.368877737646514,120.5949514232391,無,"191,266",bt_02.png,27,43.66,yKu9Zl9b00a5SytePw4r8rfBzSewkXJDY2E8j6ItdLw=,房地(土地+建物),835,Biz,11房1廳5衛有隔間,B22
鄉村區,乙種建築用地,松七街31~60號,透天厝,,B,,10512,無,,全/四層,1,,113,1,1,0,24.362263799818404,120.60445734255764,無,"151,372",bt_02.png,9,54.17,Voff/FafLKDewAdYYaLG9rfBzSewkXJDY2E8j6ItdLw=,房地(土地+建物),820,Biz,5房2廳3衛有隔間,B22
特定農業區,甲種建築用地,松九街121~150號,透天厝,,B,,10512,無,,全/三層,1,,114,3,1,0,24.36619570562908,120.60731688463814,無,"132,129",bt_02.png,22,51.31,CPiqbdOYQNPnwV/Xba/GvLfBzSewkXJDY2E8j6ItdLw=,房地(土地+建物),678,Biz,5房2廳3衛有隔間,B22
鄉村區,乙種建築用地,松七街31~60號,透天厝,,B,,10511,無,,全/四層,0,1,115,1,1,0,24.36236318224913,120.60447674652264,無,"148,278",bt_02.png,11,70.48,GZ95fWPvjLePtS2Ti5VlqrfBzSewkXJDY2E8j6ItdLw=,房地(土地+建物),"1,045",Biz,4房3廳5衛有隔間,B22
住,,中山南路150巷1~30號,透天厝,,B,,10511,無,,全/二層,-1,36,116,1,1,0,24.34050662686535,120.59152552176799,無,"86,502",bt_02.png,9,37.57,gsx8SDV88JckqAvVj6jr/bfBzSewkXJDY2E8j6ItdLw=,房地(土地+建物),325,Biz,3房1廳3衛有隔間,B22
住,,中山南路304巷1~30號,透天厝,,B,,10511,無,,全/三層,0,,117,1,1,0,24.346582338767384,120.58755310131816,無,"143,970",bt_02.png,10,59.73,fTHF9h6vSwNtoMNMIBR897fBzSewkXJDY2E8j6ItdLw=,房地(土地+建物),860,Biz,5房2廳3衛有隔間,B22
特定農業區,甲種建築用地,東西二路331~360號,透天厝,,B,,10511,無,,全/三層,-1,20,118,1,1,0,24.389023085029734,120.60103501090391,無,"51,521",bt_02.png,10,61.14,knCu5ajpatrMUehItAanU7fBzSewkXJDY2E8j6ItdLw=,房地(土地+建物),315,Biz,4房2廳3衛有隔間,B22
鄉村區,乙種建築用地,松九街1~30號,透天厝,,B,,10510,無,,全/四層,-1,21,119,1,1,0,24.36128774699982,120.60514342377931,無,"99,005",bt_02.png,10,53.53,cO5b1Cc2I5PEk4TCV2/g9bfBzSewkXJDY2E8j6ItdLw=,房地(土地+建物),530,Biz,4房1廳3衛有隔間,B22
其他,,中松路73巷1~30號,透天厝,,B,,10509,無,,全/三層,-1,21,120,3,1,0,24.348729745479442,120.58766638068543,無,"94,397",bt_02.png,22,47.67,O2dpGMltM8YmY0rd2eQUQrfBzSewkXJDY2E8j6ItdLw=,房地(土地+建物),450,Biz,6房2廳3衛有隔間,B22
特定農業區,甲種建築用地,大安港路1079巷1~30號,透天厝,,B,,10509,無,,全/二層,-1,36,121,1,1,0,24.377959157493482,120.5889428403801,無,"73,461",bt_02.png,9,32.67,iXvLO6V1phjNPP35Ljx5FrfBzSewkXJDY2E8j6ItdLw=,房地(土地+建物),240,Biz,2房2廳2衛有隔間,B22
特定農業區,農牧用地,大興路1~30號,農舍,,B,,10507,無,,一層/一層,-1,23,122,2,1,0,24.347177476922226,120.57067797547944,無,"259,686",bt_10.png,76,92.42,QEBKWidxrjlJ4GcyJfElWbfBzSewkXJDY2E8j6ItdLw=,房地(土地+建物),"2,400",Biz,,B22
鄉村區,乙種建築用地,中山北路89巷31~60號,透天厝,,B,,10507,無,,全/三層,-1,38,123,1,1,0,24.38047533809955,120.58621886684912,無,"41,560",bt_02.png,8,43.31,FP8ZoajCgXtfWFWLOipDz7fBzSewkXJDY2E8j6ItdLw=,房地(土地+建物),180,Biz,3房2廳2衛有隔間,B22
特定農業區,甲種建築用地,東西三路377巷1~30號,透天厝,,B,,10507,無,,全/三層,-1,21,124,3,1,0,24.386501542105865,120.59737760053517,無,"65,071",bt_02.png,21,41.49,dCWvC2K0DUcHT/4lfJmv1bfBzSewkXJDY2E8j6ItdLw=,房地(土地+建物),270,Biz,4房2廳3衛有隔間,B22
鄉村區,乙種建築用地,松二街31~60號,透天厝,,B,,10506,無,,全/三層,-1,1,125,1,1,0,24.361954246531887,120.60485650462495,無,"149,755",bt_02.png,10,55.42,Op4akE0dpQdQ/9ftXEZR37fBzSewkXJDY2E8j6ItdLw=,房地(土地+建物),830,Biz,4房2廳4衛有隔間,B22
特定農業區,甲種建築用地,松九街115巷1~30號,透天厝,,B,,10506,無,,全/三層,1,,126,2,1,0,24.364215889104962,120.60532900431902,無,"125,924",bt_02.png,17,57.34,gQF10A3OpCFFefSD/1mIe7fBzSewkXJDY2E8j6ItdLw=,房地(土地+建物),722,Biz,4房2廳3衛有隔間,B22
鄉村區,乙種建築用地,松九街31~60號,透天厝,,B,,10506,無,,全/四層,1,1,127,1,1,0,24.362040854178858,120.60524576202572,無,"134,833",bt_02.png,11,70.46,NYtg9n/YFaKES+eMeD6id7fBzSewkXJDY2E8j6ItdLw=,房地(土地+建物),950,Biz,4房3廳4衛有隔間,B22
農,,興安路299巷1~30號,透天厝,,B,,10506,無,,全/四層,1,,128,2,1,0,24.34492009150696,120.58971428809892,無,"161,464",bt_02.png,16,45.09,4CZZl6GHQ0TuwD8SF3prNLfBzSewkXJDY2E8j6ItdLw=,房地(土地+建物),728,Biz,4房3廳3衛有隔間,B22
特定農業區,農牧用地,東西六路二段121~150號,農舍,,B,,10506,無,,"一層,二層/二層",0,,129,1,1,0,24.378409285431207,120.59753433835444,無,"137,031",bt_10.png,42,65.75,QPajnTDeS/Xj1eNSvUY67bfBzSewkXJDY2E8j6ItdLw=,房地(土地+建物),900,Biz,,B22
特定農業區,甲種建築用地,東西四路一段76巷1~30號,透天厝,,B,,10505,無,,全/三層,-1,21,130,2,1,0,24.379700207680802,120.61946683152381,無,"95,987",bt_02.png,20,50.01,ydQl1IJdXddG+kn5OahEUbfBzSewkXJDY2E8j6ItdLw=,房地(土地+建物),480,Biz,4房2廳3衛有隔間,B22
特定農業區,甲種建築用地,松九街115巷1~30號,透天厝,,B,,10505,無,,全/三層,1,,131,2,1,0,24.36418480132852,120.60535324943594,無,"126,621",bt_02.png,17,57.34,71SVfXExLPiceFljN7tMGbfBzSewkXJDY2E8j6ItdLw=,房地(土地+建物),726,Biz,4房2廳3衛有隔間,B22
鄉村區,乙種建築用地,大安港路1180巷1~30號,透天厝,,B,,10505,無,,全/二層,-1,37,132,1,1,0,24.379895960064804,120.58632130223046,無,"73,693",bt_02.png,10,33.93,cIzLsSa+4bySkDCNc6lUebfBzSewkXJDY2E8j6ItdLw=,房地(土地+建物),250,Biz,3房1廳2衛有隔間,B22
特定農業區,甲種建築用地,松九街115巷1~30號,透天厝,,B,,10505,無,,全/三層,1,,133,2,1,0,24.364187559524606,120.60536999710513,無,"119,617",bt_02.png,17,59.52,YEBpJ5nz1uDp7Ixo6evhrLfBzSewkXJDY2E8j6ItdLw=,房地(土地+建物),712,Biz,4房2廳3衛有隔間,B22
住,,中山南路257巷1~30號,透天厝,,B,,10504,無,,全/二層,-1,35,134,1,1,0,24.344353928161954,120.5878648404114,無,"97,765",bt_02.png,9,30.69,itAep2CWKUjvNLlAXc8527fBzSewkXJDY2E8j6ItdLw=,房地(土地+建物),300,Biz,3房2廳2衛有隔間,B22
鄉村區,乙種建築用地,興安路177巷61~90號,透天厝,,B,,10504,無,,全/四層,1,,135,1,1,0,24.344427875749915,120.5983694084382,無,"117,002",bt_02.png,11,58.55,2GqOz0WX5OXsHCJCGGWGfrfBzSewkXJDY2E8j6ItdLw=,房地(土地+建物),685,Biz,4房3廳3衛有隔間,B22
住,,中松路1~30號,透天厝,,B,,10504,無,,全/三層,-1,20,136,1,1,0,24.34670711990483,120.58728759130197,無,"104,889",bt_02.png,10,60.64,YkKV3XpDnS8KoSVP/5dxeLfBzSewkXJDY2E8j6ItdLw=,房地(土地+建物),636,Biz,5房1廳3衛有隔間,B22
鄉村區,乙種建築用地,興安路177巷61~90號,透天厝,,B,,10503,無,,全/四層,1,,137,1,1,0,24.344437966582557,120.59832867518072,無,"116,149",bt_02.png,12,58.55,w1+9mZt8nPvcw/hXusRkVLfBzSewkXJDY2E8j6ItdLw=,房地(土地+建物),680,Biz,4房3廳3衛有隔間,B22
住,,中松路56巷31~60號,透天厝,,B,,10502,無,,全/二層,-1,35,138,6,2,0,24.346770170647904,120.58856265500208,無,"85,706",bt_02.png,16,81.67,cW1kEAWTSKd91E9OFFuUl7fBzSewkXJDY2E8j6ItdLw=,房地(土地+建物),700,Biz,4房2廳4衛有隔間,B22
特定農業區,農牧用地,東西三路250巷1~30號,透天厝,,B,,10502,無,,全/一層,-1,20,139,1,1,0,24.386910605892226,120.60217831188962,無,"210,744",bt_02.png,32,12.10,B0nRPJcqOrFSdl+6VSXVVrfBzSewkXJDY2E8j6ItdLw=,房地(土地+建物),255,Biz,3房2廳2衛有隔間,B22
特定農業區,甲種建築用地,松九街115巷1~30號,透天厝,,B,,10501,無,,全/三層,1,,140,2,1,0,24.364237538221104,120.60549304966443,無,"127,805",bt_02.png,17,51.33,PVIj4TEOH7mVQOtJV8+wf7fBzSewkXJDY2E8j6ItdLw=,房地(土地+建物),656,Biz,4房2廳3衛有隔間,B22
農,,興安路299巷1~30號,透天厝,,B,,10501,無,,全/四層,1,,141,2,1,0,24.34480490789894,120.58969248527197,無,"161,907",bt_02.png,16,45.09,r9gn2bgRNhbGWnQtruTRyLfBzSewkXJDY2E8j6ItdLw=,房地(土地+建物),730,Biz,4房3廳3衛有隔間,B22
特定農業區,甲種建築用地,松九街115巷1~30號,透天厝,,B,,10501,無,,全/三層,1,,142,2,1,0,24.36430375399653,120.6056081666975,無,"129,342",bt_02.png,17,56.05,A+i8P00TAsly+YXKNtOHYrfBzSewkXJDY2E8j6ItdLw=,房地(土地+建物),725,Biz,4房2廳3衛有隔間,B22
鄉村區,乙種建築用地,中山北路89巷31~60號,透天厝,,B,,10501,無,,全/三層,-1,38,143,1,1,0,24.38047533809955,120.58621886684912,無,"41,560",bt_02.png,8,43.31,eDgPvQmNQU5+pBfTTgK9bLfBzSewkXJDY2E8j6ItdLw=,房地(土地+建物),180,Biz,4房2廳3衛有隔間,B22
農,,興安路299巷1~30號,透天厝,,B,,10501,無,,全/四層,1,,144,2,1,0,24.34480490789894,120.58969248527197,無,"161,907",bt_02.png,16,45.09,0+uXI05letYTN0iImgTpILfBzSewkXJDY2E8j6ItdLw=,房地(土地+建物),730,Biz,4房3廳3衛有隔間,B22
鄉村區,乙種建築用地,松二街31~60號,透天厝,,B,,10501,無,,全/三層,-1,,145,1,1,0,24.361954246531887,120.60485650462495,無,"137,124",bt_02.png,10,55.42,mduJw0SKyCQgKwcVkbB6gbfBzSewkXJDY2E8j6ItdLw=,房地(土地+建物),760,Biz,4房3廳4衛有隔間,B22
農,,興安路299巷1~30號,透天厝,,B,,10412,無,,全/四層,1,,146,2,1,0,24.344902695882805,120.58979269216984,無,"173,055",bt_02.png,16,45.85,I43D9R6tOuQTiO9gb8e2s7fBzSewkXJDY2E8j6ItdLw=,房地(土地+建物),793,Biz,4房3廳3衛有隔間,B22
特定農業區,甲種建築用地,松九街115巷1~30號,透天厝,,B,,10412,無,,全/三層,1,,147,2,1,0,24.364472528875567,120.60541297514382,無,"129,878",bt_02.png,17,56.05,89XMP7jSK0pmshQtFKYZRrfBzSewkXJDY2E8j6ItdLw=,房地(土地+建物),728,Biz,4房2廳3衛有隔間,B22
特定農業區,甲種建築用地,南海路121~150號,透天厝,,B,,10412,無,,全/二層,0,24,148,2,1,0,24.35680824033871,120.57774723812938,無,"18,972",bt_02.png,23,59.59,Xq658pUY1TK0K6OpgaPlubfBzSewkXJDY2E8j6ItdLw=,房地(土地+建物),113,Biz,5房2廳3衛有隔間,B22
特定農業區,甲種建築用地,松九街115巷1~30號,透天厝,,B,,10411,無,,全/三層,1,,149,2,1,0,24.36439715832245,120.60541665872694,無,"121,924",bt_02.png,17,59.87,Sg/4eCAi0dXqXEOhaebhtrfBzSewkXJDY2E8j6ItdLw=,房地(土地+建物),730,Biz,4房2廳3衛有隔間,B22
住,,中山南路63巷1~30號,透天厝,,B,,10411,無,,全/三層,1,,150,7,1,0,24.337238652092896,120.59256333396095,無,"113,266",bt_02.png,24,62.68,Q71Jkwga0ylj5JPQdD1ihrfBzSewkXJDY2E8j6ItdLw=,房地(土地+建物),710,Biz,4房3廳4衛有隔間,B22
住,,中山南路63巷1~30號,透天厝,,B,,10411,無,,全/三層,1,,151,5,1,0,24.337238652092896,120.59256333396095,無,"120,813",bt_02.png,22,62.25,q6gwFaetHPinGyV3tr9+zLfBzSewkXJDY2E8j6ItdLw=,房地(土地+建物),752,Biz,4房3廳4衛有隔間,B22
住,,中松路56巷1~30號,透天厝,,B,,10411,無,,全/二層,-1,33,152,2,1,0,24.347178803584725,120.5876889458792,無,"66,284",bt_02.png,12,60.35,aMSqKv+mOAVa7mRsF/vhxbfBzSewkXJDY2E8j6ItdLw=,房地(土地+建物),400,Biz,4房2廳2衛有隔間,B22
住,,中山南路63巷1~30號,透天厝,,B,,10411,無,,全/三層,1,,153,5,1,0,24.337238652092896,120.59256333396095,無,"126,579",bt_02.png,23,62.25,eIeES+vJWCO51hOdWpB1/LfBzSewkXJDY2E8j6ItdLw=,房地(土地+建物),788,Biz,4房3廳4衛有隔間,B22
住,,中山南路63巷1~30號,透天厝,,B,,10411,無,,全/三層,1,,154,7,1,0,24.337238652092896,120.59256333396095,無,"114,863",bt_02.png,24,62.68,RLM5JQPa3ZRqizX7BOVas7fBzSewkXJDY2E8j6ItdLw=,房地(土地+建物),720,Biz,4房3廳4衛有隔間,B22
住,,中山南路63巷1~30號,透天厝,,B,,10411,無,,全/三層,1,,155,4,1,0,24.337238652092896,120.59256333396095,無,"119,025",bt_02.png,18,61.33,lR9NTtp28cl8xxin6PF+c7fBzSewkXJDY2E8j6ItdLw=,房地(土地+建物),730,Biz,4房3廳4衛有隔間,B22
住,,中山南路63巷1~30號,透天厝,,B,,10411,無,,全/三層,1,,156,7,1,0,24.337238652092896,120.59256333396095,無,"113,266",bt_02.png,24,62.68,ecgxdKobv1IQzzyKfWmL17fBzSewkXJDY2E8j6ItdLw=,房地(土地+建物),710,Biz,4房3廳4衛有隔間,B22
住,,中山南路63巷1~30號,透天厝,,B,,10411,無,,全/三層,1,,157,7,1,0,24.337238652092896,120.59256333396095,無,"114,863",bt_02.png,24,62.68,Ua9E8nIZJgKWXn1UcJgxPbfBzSewkXJDY2E8j6ItdLw=,房地(土地+建物),720,Biz,4房3廳4衛有隔間,B22
鄉村區,乙種建築用地,松二街31~60號,透天厝,,B,,10411,無,,全/三層,1,,158,1,1,0,24.361954246531887,120.60485650462495,無,"137,124",bt_02.png,10,55.42,+7N9oy6YUfztskaoJEpsdLfBzSewkXJDY2E8j6ItdLw=,房地(土地+建物),760,Biz,4房3廳4衛有隔間,B22
住,,中山南路63巷1~30號,透天厝,,B,,10411,無,,全/三層,1,,159,4,1,0,24.337238652092896,120.59256333396095,無,"122,876",bt_02.png,18,62.26,NkIoDSG9GXiU/dHWhi4cmrfBzSewkXJDY2E8j6ItdLw=,房地(土地+建物),765,Biz,4房3廳4衛有隔間,B22
住,,中山南路63巷1~30號,透天厝,,B,,10411,無,,全/三層,1,,160,7,1,0,24.337238652092896,120.59256333396095,無,"115,329",bt_02.png,24,63.73,YR6DwZypk5fMXCod3gaKarfBzSewkXJDY2E8j6ItdLw=,房地(土地+建物),735,Biz,4房3廳4衛有隔間,B22
住,,中山南路63巷1~30號,透天厝,,B,,10411,無,,全/三層,1,,161,4,1,0,24.337238652092896,120.59256333396095,無,"119,841",bt_02.png,18,61.33,OUoTDrg+HyebZ0BYhgwomrfBzSewkXJDY2E8j6ItdLw=,房地(土地+建物),735,Biz,4房3廳4衛有隔間,B22
特定農業區,甲種建築用地,松九街115巷1~30號,透天厝,,B,,10411,無,,全/三層,1,,162,2,1,0,24.364312153968786,120.60519367009402,無,"125,577",bt_02.png,17,57.34,EKSkx0xYdbnsCHp2KAngQLfBzSewkXJDY2E8j6ItdLw=,房地(土地+建物),720,Biz,4房2廳3衛有隔間,B22
鄉村區,乙種建築用地,松九街31~60號,透天厝,,B,,10411,無,,全/四層,1,,163,1,1,0,24.36212068984189,120.6052174234707,無,"130,575",bt_02.png,11,70.46,zojLutw+it8E+eNAsGxaE7fBzSewkXJDY2E8j6ItdLw=,房地(土地+建物),920,Biz,4房3廳4衛有隔間,B22
住,,中山南路63巷1~30號,透天厝,,B,,10411,無,,全/三層,1,,164,7,1,0,24.337238652092896,120.59256333396095,無,"114,545",bt_02.png,24,63.73,XVxtvXc8im7G8Fh/9SDen7fBzSewkXJDY2E8j6ItdLw=,房地(土地+建物),730,Biz,4房3廳4衛有隔間,B22
住,,中山南路63巷1~30號,透天厝,,B,,10411,無,,全/三層,1,,165,4,1,0,24.337238652092896,120.59256333396095,無,"120,793",bt_02.png,23,62.25,0KhgMoN25Lg04uy1OrKQg7fBzSewkXJDY2E8j6ItdLw=,房地(土地+建物),752,Biz,4房3廳4衛有隔間,B22
特定農業區,甲種建築用地,溪洲路106巷1~30號,透天厝,,B,,10410,無,,全/三層,0,14,166,5,1,0,24.363446036830684,120.59365976960464,無,"26,483",bt_02.png,20,56.64,1Tdr1m2DtLX8zzC/qePTL7fBzSewkXJDY2E8j6ItdLw=,房地(土地+建物),150,Biz,5房2廳3衛有隔間,B22
特定農業區,甲種建築用地,松九街115巷1~30號,透天厝,,B,,10410,無,,全/三層,1,,167,2,1,0,24.364269984921872,120.6056452336678,無,"131,124",bt_02.png,17,56.05,eFalJjDjcYDL4o2i68IdnLfBzSewkXJDY2E8j6ItdLw=,房地(土地+建物),735,Biz,4房2廳3衛有隔間,B22
特定農業區,甲種建築用地,松九街115巷1~30號,透天厝,,B,,10410,無,,全/三層,1,,168,2,1,0,24.36440408273903,120.6054782411247,無,"128,450",bt_02.png,17,56.05,Rh4pmkna04uBc5AjwbWF0LfBzSewkXJDY2E8j6ItdLw=,房地(土地+建物),720,Biz,5房2廳3衛有隔間,B22
鄉村區,乙種建築用地,松七街1~30號,透天厝,,B,,10410,無,,全/三層,-1,12,169,1,1,0,24.361526698372735,120.60432755827524,無,"114,807",bt_02.png,9,49.65,dx6x8VDpHrjjxu/RLajM1rfBzSewkXJDY2E8j6ItdLw=,房地(土地+建物),570,Biz,5房2廳3衛有隔間,B22
特定農業區,甲種建築用地,松九街115巷1~30號,透天厝,,B,,10410,無,,全/三層,1,,170,2,1,0,24.364299175018832,120.6052375722925,無,"130,050",bt_02.png,18,58.29,VWgE/8fp2UHmftZHw9+aWbfBzSewkXJDY2E8j6ItdLw=,房地(土地+建物),758,Biz,4房2廳3衛有隔間,B22
特定農業區,甲種建築用地,南北九路81巷1~30號,透天厝,,B,,10410,無,,全/二層,-1,35,171,1,1,0,24.378564804454356,120.59120421135077,無,"46,664",bt_02.png,10,42.86,CTpmUbHLckWiXFjDpv6glbfBzSewkXJDY2E8j6ItdLw=,房地(土地+建物),200,Biz,2房1廳2衛有隔間,B22
特定農業區,甲種建築用地,東西八路二段108巷1~30號,透天厝,,B,,10410,無,,全/三層,-1,16,172,1,1,0,24.371769982336225,120.60049476434291,無,"83,164",bt_02.png,9,54.11,Ksb6t7CGxEEVO6qtozOtt7fBzSewkXJDY2E8j6ItdLw=,房地(土地+建物),450,Biz,4房2廳3衛有隔間,B22
特定農業區,甲種建築用地,松九街115巷1~30號,透天厝,,B,,10410,無,,全/三層,1,,173,2,1,0,24.3642524273835,120.60566450847722,無,"131,124",bt_02.png,17,56.05,0siLfLqaAQnPLdtDFWRFLLfBzSewkXJDY2E8j6ItdLw=,房地(土地+建物),735,Biz,4房2廳3衛有隔間,B22
特定農業區,甲種建築用地,松九街115巷1~30號,透天厝,,B,,10410,無,,全/三層,1,,174,2,1,0,24.364316232507367,120.60519907857429,無,"127,319",bt_02.png,17,57.34,HOpENiQA2H1+0I8oB6WEq7fBzSewkXJDY2E8j6ItdLw=,房地(土地+建物),730,Biz,4房2廳3衛有隔間,B22
特定農業區,甲種建築用地,松九街115巷1~30號,透天厝,,B,,10409,無,,全/三層,1,,175,2,1,0,24.36420248727739,120.60572922402825,無,"123,531",bt_02.png,17,58.29,KyUOx85Qt5xVShL8aQYgWrfBzSewkXJDY2E8j6ItdLw=,房地(土地+建物),720,Biz,4房2廳4衛有隔間,B22
鄉村區,乙種建築用地,大安港路1180巷1~30號,透天厝,,B,,10409,無,,全/二層,-1,38,176,1,1,0,24.37965333905756,120.58611320521425,無,"30,255",bt_02.png,11,46.27,xveeJr4bFhi3gxh3xzEbW7fBzSewkXJDY2E8j6ItdLw=,房地(土地+建物),140,Biz,2房2廳1衛有隔間,B22
特定農業區,農牧用地,永安里東西二路361~390號,透天厝,,B,,10408,無,,全/二層,-1,22,177,1,1,0,24.389710208605848,120.60035951270643,無,"62,050",bt_02.png,39,83.80,hLwD47sHes7Up90Qv9Q5zbfBzSewkXJDY2E8j6ItdLw=,房地(土地+建物),520,Biz,6房2廳3衛有隔間,B22
住,,中山南路150巷1~30號,透天厝,,B,,10407,無,,全/二層,-1,35,178,1,1,0,24.340488357153095,120.59144674230683,無,"23,987",bt_02.png,10,37.57,2JOLxzfSPo/4urWhBjag77fBzSewkXJDY2E8j6ItdLw=,房地(土地+建物),90,Biz,2房1廳1衛有隔間,B22
特定農業區,農牧用地,南安路237巷1~30號,農舍,,B,,10406,無,,"一層,二層/二層",-1,33,179,2,1,0,24.34503807738149,120.57501453141617,無,"44,463",bt_10.png,27,51.73,DDT2RyIE3NzGPYTvqiBXjrfBzSewkXJDY2E8j6ItdLw=,房地(土地+建物),230,Biz,3房2廳2衛有隔間,B22
鄉村區,乙種建築用地,松五街1~30號,公寓(5樓含以下無電梯),100.00%,B,,10406,無,,一層/一層,-1,64,180,1,1,0,24.361490564307463,120.60355670358477,無,"213,514",bt_01.png,13,16.34,BLufbbQFSd4JDqgk4TsspLfBzSewkXJDY2E8j6ItdLw=,房地(土地+建物),348,Biz,2房1廳1衛有隔間,B22
特定農業區,甲種建築用地,東西八路二段108巷1~30號,透天厝,,B,,10406,無,,全/三層,0,16,181,1,1,0,24.371924575902586,120.60057215058738,無,"66,529",bt_02.png,9,54.11,3SGKqZFySlCodjQnfQfYirfBzSewkXJDY2E8j6ItdLw=,房地(土地+建物),360,Biz,4房2廳3衛有隔間,B22
鄉村區,乙種建築用地,南安路181~210號,透天厝,,B,,10405,無,,全/二層,-1,23,182,2,1,0,24.349347819097076,120.57669725095755,無,"87,253",bt_02.png,25,36.68,mMNsQ2Mcf8kRFDQAsTUCwbfBzSewkXJDY2E8j6ItdLw=,房地(土地+建物),320,Biz,3房2廳2衛有隔間,B22
特定農業區,丁種建築用地,中松路271~300號,工廠,,B,,10404,無,,"一層,二層,三層/三層",0,13,183,1,1,0,24.35455755470176,120.59861509007013,無,"114,945",bt_08.png,28,173.99,4R9aeEeRVIjugRk3KYY4urfBzSewkXJDY2E8j6ItdLw=,房地(土地+建物),"2,000",Biz,,B22
特定農業區,農牧用地,南海路91~120號,透天厝,,B,,10404,無,,全/二層,-1,29,184,4,2,0,24.354576353471177,120.573100225115,無,"43,213",bt_02.png,48,99.97,3rZHC40tE+xDUCCacyeRz7fBzSewkXJDY2E8j6ItdLw=,房地(土地+建物),432,Biz,6房2廳4衛有隔間,B22
特定農業區,丁種建築用地,中松路271~300號,工廠,,B,,10404,無,,"一層,二層,三層,屋頂突出物,水箱,地下層/--",0,21,185,3,1,0,24.354862236157313,120.59859688145312,無,"52,945",bt_08.png,54,"1,548.75",jaudDTM1/RLYp44HhzlK0bfBzSewkXJDY2E8j6ItdLw=,房地(土地+建物),"8,200",Biz,,B22
住,,中庄里中松路1~30號,透天厝,,B,,10404,無,,全/三層,0,19,186,1,1,0,24.346577006859807,120.58725253423526,無,"95,653",bt_02.png,10,60.64,Ob/ZDlzu8kdmBbpWBkB1ELfBzSewkXJDY2E8j6ItdLw=,房地(土地+建物),580,Biz,5房1廳3衛有隔間,B22
農,,中松路73巷1~30號,透天厝,,B,,10404,無,,全/三層,-1,20,187,3,1,0,24.34870894282415,120.58764969389581,無,"94,539",bt_02.png,22,49.19,ovQnefm4NMbOQKhUarX1k7fBzSewkXJDY2E8j6ItdLw=,房地(土地+建物),465,Biz,5房2廳3衛有隔間,B22
特定農業區,甲種建築用地,西安里南北七路31巷31~60號,透天厝,,B,,10403,無,,全/三層,-1,9,188,2,1,0,24.37279929165217,120.60066945455206,無,"80,502",bt_02.png,15,44.72,LY9xM9TS8ZC6QKjNRIK4tLfBzSewkXJDY2E8j6ItdLw=,房地(土地+建物),360,Biz,3房2廳3衛有隔間,B22
住,,中松路1~30號,透天厝,,B,,10403,無,,全/二層,0,35,189,1,1,0,24.347104478824942,120.58731586910054,無,"57,805",bt_02.png,10,41.52,2oZGzY21e8LREyqHD9rLYLfBzSewkXJDY2E8j6ItdLw=,房地(土地+建物),240,Biz,4房2廳3衛有隔間,B22
住,,東安里福東一路1~30號,透天厝,,B,,10402,無,,全/二層,-1,36,190,2,1,0,24.33798736271763,120.59112857832534,無,"75,005",bt_02.png,10,40.00,NMfRZ0rndslhPi70/kzsl7fBzSewkXJDY2E8j6ItdLw=,房地(土地+建物),300,Biz,3房1廳3衛有隔間,B22
特定農業區,甲種建築用地,東西四路二段211~240號,透天厝,,B,,10401,無,,全/三層,-1,19,191,1,1,0,24.381700600197973,120.60866045460497,無,"69,273",bt_02.png,9,49.08,pac65mVteb3iSHvQoUmVP7fBzSewkXJDY2E8j6ItdLw=,房地(土地+建物),340,Biz,4房2廳3衛有隔間,B22
特定農業區,甲種建築用地,福興里福東路1~30號,透天厝,,B,,10401,無,,全/三層,0,17,192,3,2,0,24.345185032489955,120.6017189462003,無,"38,631",bt_02.png,20,142.37,Wq0AHCkdcLuWkE9HX19ntbfBzSewkXJDY2E8j6ItdLw=,房地(土地+建物),550,Biz,10房2廳6衛有隔間,B22
特定農業區,甲種建築用地,福興里福東路1~30號,透天厝,,B,,10401,無,,全/三層,0,17,193,3,2,0,24.345185032489955,120.6017189462003,無,"38,631",bt_02.png,20,142.37,ZNSo9zp5oY8oAxvcGvqiL7fBzSewkXJDY2E8j6ItdLw=,房地(土地+建物),550,Biz,10房2廳6衛有隔間,B22
特定農業區,甲種建築用地,東西八路二段108巷1~30號,透天厝,,B,,10401,無,,全/三層,-1,15,194,1,1,0,24.371994472795247,120.60057449393435,無,"72,036",bt_02.png,11,55.53,he70ZIUEF5gD3GSfte2EnLfBzSewkXJDY2E8j6ItdLw=,房地(土地+建物),400,Biz,4房1廳3衛有隔間,B22
特定農業區,農牧用地,福東路45巷61~90號,農舍,,B,,10312,無,,"一層,二層/二層",-1,20,195,1,1,0,24.34141451933142,120.60154891664627,無,"200,350",bt_10.png,74,79.86,oo9uLfEs+y0c2O18bVgIjrfBzSewkXJDY2E8j6ItdLw=,房地(土地+建物),"1,600",Biz,4房1廳2衛有隔間,B22
鄉村區,乙種建築用地,松七街1~30號,透天厝,,B,,10312,無,,全/三層,-1,11,196,1,1,0,24.361761971872205,120.6041779947924,無,"108,443",bt_02.png,9,50.72,+P9DXf9kZg7e8X/iIDjcR7fBzSewkXJDY2E8j6ItdLw=,房地(土地+建物),550,Biz,5房2廳3衛有隔間,B22
住,,中山南路304巷31~60號,透天厝,,B,,10312,無,,全/二層,0,34,197,2,1,0,24.347174564487922,120.58818783344627,無,"55,362",bt_02.png,10,37.57,4KfNf+dMECK0XPKemps2bLfBzSewkXJDY2E8j6ItdLw=,房地(土地+建物),208,Biz,3房2廳2衛有隔間,B22
住,,南安路7巷1~30號,透天厝,,B,,10312,無,,全/二層,-1,31,198,1,1,0,24.349552066026785,120.5839462402406,無,"79,864",bt_02.png,10,35.69,dUOhUJkCftr7OUwiW3HxGrfBzSewkXJDY2E8j6ItdLw=,房地(土地+建物),285,Biz,4房2廳2衛有隔間,B22
特定農業區,甲種建築用地,東西八路二段108巷1~30號,透天厝,,B,,10311,無,,全/三層,-1,15,199,1,1,0,24.371604545585807,120.60028098906655,無,"72,757",bt_02.png,11,85.21,yOhttLlz533YUOlvSPJfSrfBzSewkXJDY2E8j6ItdLw=,房地(土地+建物),620,Biz,5房3廳3衛有隔間,B22
特定農業區,甲種建築用地,西安里東西八路二段50巷1~30號,透天厝,,B,,10310,無,,全/三層,-1,20,200,1,1,0,24.371668757630534,120.60320580681447,無,"192,965",bt_02.png,9,18.14,WeJoi9jMrerGgSCHm7pqdLfBzSewkXJDY2E8j6ItdLw=,房地(土地+建物),350,Biz,4房1廳2衛有隔間,B22
特定農業區,甲種建築用地,東西七路二段105巷1~30號,透天厝,,B,,10310,無,,全/三層,-1,21,201,2,1,0,24.37297318316409,120.60431413125528,無,"78,714",bt_02.png,22,48.28,r0rCMoo8IO0tUwQI47QAqrfBzSewkXJDY2E8j6ItdLw=,房地(土地+建物),380,Biz,4房2廳2衛有隔間,B22
特定農業區,甲種建築用地,中山南路802巷1~30號,透天厝,,B,,10309,無,,全/二層,-1,33,202,1,1,0,24.367473125822986,120.59574247258813,無,"41,937",bt_02.png,9,40.54,x7HvtFy3+k1FB3AZSb75g7fBzSewkXJDY2E8j6ItdLw=,房地(土地+建物),170,Biz,3房2廳2衛有隔間,B22
鄉村區,乙種建築用地,松雅里大安港路556巷1~30號,透天厝,,B,,10309,無,,全/四層,-1,1,203,1,1,0,24.360672569003388,120.6041582213214,無,"129,193",bt_02.png,11,58.05,cfHYR8qDnhmIeyDYM8T7a7fBzSewkXJDY2E8j6ItdLw=,房地(土地+建物),750,Biz,4房2廳3衛有隔間,B22
鄉村區,乙種建築用地,松雅里大安港路556巷1~30號,透天厝,,B,,10309,無,,全/四層,-1,1,204,1,1,0,24.3606621553592,120.60411035195845,無,"130,731",bt_02.png,11,59.67,4nvMRLL08JG/iKwueKfDLbfBzSewkXJDY2E8j6ItdLw=,房地(土地+建物),780,Biz,4房2廳3衛有隔間,B22
鄉村區,乙種建築用地,大安港路556巷1~30號,透天厝,,B,,10309,無,,全/四層,-1,1,205,1,1,0,24.360730102769466,120.60423344329729,無,"125,048",bt_02.png,11,63.98,1orKtWWkYWxpvIB3j1B9lrfBzSewkXJDY2E8j6ItdLw=,房地(土地+建物),800,Biz,4房2廳3衛有隔間,B22
鄉村區,乙種建築用地,松雅里大安港路556巷1~30號,透天厝,,B,,10309,無,,全/四層,-1,1,206,1,1,0,24.36070200143112,120.60419509100569,無,"127,471",bt_02.png,10,58.05,1vvoCjITz+lZ63yu/+Qg5bfBzSewkXJDY2E8j6ItdLw=,房地(土地+建物),740,Biz,4房2廳3衛有隔間,B22
特定農業區,農牧用地,甲六路31~60號,農舍,,B,,10308,無,,一層/一層,-1,21,207,2,1,0,24.33697165795551,120.57601408348742,無,"58,602",bt_10.png,34,99.83,IAw0qSHGgQk0xOHzxPWoJ7fBzSewkXJDY2E8j6ItdLw=,房地(土地+建物),585,Biz,0房0廳1衛有隔間,B22
鄉村區,乙種建築用地,南海路211~240號,透天厝,,B,,10307,無,,全/二層,-1,28,208,2,1,0,24.35834155794923,120.58882586412021,無,"41,025",bt_02.png,17,67.03,8+mBjGN6gBLTD3mpTA/c4bfBzSewkXJDY2E8j6ItdLw=,房地(土地+建物),275,Biz,6房3廳2衛有隔間,B22
農,,中松路73巷1~30號,透天厝,,B,,10307,無,,全/三層,-1,19,209,2,1,0,24.348786804999285,120.58756419253868,無,"61,055",bt_02.png,21,73.70,95K+U3fYTiHlBSAhhzc6NbfBzSewkXJDY2E8j6ItdLw=,房地(土地+建物),450,Biz,4房3廳3衛有隔間,B22
特定農業區,農牧用地,大興路1~30號,農舍,,B,,10306,無,,一層/一層,-1,21,210,2,1,0,24.347177476922226,120.57067797547944,無,"167,712",bt_10.png,76,92.42,qosPlwsxd4d4jxJCa2wZkLfBzSewkXJDY2E8j6ItdLw=,房地(土地+建物),"1,550",Biz,,B22
鄉村區,乙種建築用地,中山南路740巷1~30號,透天厝,,B,,10306,無,,全/二層,-1,31,211,1,1,0,24.362441995085526,120.59499951206193,無,"81,144",bt_02.png,9,24.65,kBtrdh9LKSKXAYdV4qudaLfBzSewkXJDY2E8j6ItdLw=,房地(土地+建物),200,Biz,4房1廳3衛有隔間,B22
住,,中松路56巷31~60號,透天厝,,B,,10306,無,,全/二層,-1,34,212,1,1,0,24.346750185115955,120.58851541443488,無,"68,565",bt_02.png,10,40.84,+UIjdjVEIZkANUZb0EaSpLfBzSewkXJDY2E8j6ItdLw=,房地(土地+建物),280,Biz,6房2廳2衛有隔間,B22
特定農業區,甲種建築用地,西安里東西七路二段105巷1~30號,透天厝,,B,,10305,無,,全/三層,-1,21,213,2,1,0,24.372987496533714,120.60443680990849,無,"68,972",bt_02.png,22,43.50,152rdDAp28pe10tWs4m7Y7fBzSewkXJDY2E8j6ItdLw=,房地(土地+建物),300,Biz,2房1廳3衛有隔間,B22
特定農業區,甲種建築用地,大安港路1079巷1~30號,透天厝,,B,,10305,無,,全/二層,-1,34,214,1,1,0,24.377993531408606,120.58896441609889,無,"67,339",bt_02.png,9,16.34,hufKQfqk5ko9POlsDagP1rfBzSewkXJDY2E8j6ItdLw=,房地(土地+建物),110,Biz,5房2廳3衛有隔間,B22
住,,中松路56巷31~60號,透天厝,,B,,10304,無,,全/二層,-1,31,215,1,1,0,24.346522859757336,120.5882608988503,無,"121,570",bt_02.png,10,31.26,TINYBClnEWhXJY9V8wE4srfBzSewkXJDY2E8j6ItdLw=,房地(土地+建物),380,Biz,3房2廳2衛有隔間,B22
特定農業區,甲種建築用地,南埔里南安路421巷1~30號,透天厝,,B,,10304,無,,全/三層,-1,18,216,1,1,0,24.338005741865093,120.5682654590696,無,"59,183",bt_02.png,13,59.14,T9klfNFNc/LaU8FxhTy/97fBzSewkXJDY2E8j6ItdLw=,房地(土地+建物),350,Biz,4房1廳3衛有隔間,B22
住,,南勢厝路29巷1~30號,透天厝,,B,,10303,無,,全/三層,-1,19,217,2,1,0,24.34473330201695,120.58709245239206,無,"71,140",bt_02.png,19,50.61,oaJdDBpfgVPfj8ljpQD3wrfBzSewkXJDY2E8j6ItdLw=,房地(土地+建物),360,Biz,4房2廳2衛有隔間,B22
特定農業區,丁種建築用地,大安港路661~690號,透天厝,,B,,10302,無,,全/三層,-1,42,218,5,3,0,24.362870367017102,120.60300063750485,無,"76,526",bt_02.png,28,222.06,dv7CbMgOroxaRNyB0eNG8LfBzSewkXJDY2E8j6ItdLw=,房地(土地+建物),"1,699",Biz,,B22
鄉村區,乙種建築用地,松圳路1~30號,透天厝,,B,,10212,無,,全/二層,-1,19,219,2,1,0,24.362851354304606,120.60353551040215,無,"148,264",bt_02.png,12,40.47,A8zlOG+EKYSBW0mzI1CxZ7fBzSewkXJDY2E8j6ItdLw=,房地(土地+建物),600,Biz,6房3廳4衛有隔間,B22
住,,中山南路150巷1~30號,透天厝,,B,,10212,無,,全/二層,-1,34,220,1,1,0,24.340484594072635,120.59139156774144,無,"42,053",bt_02.png,11,37.57,0Lux6tZ1fWxUbrot11AqCrfBzSewkXJDY2E8j6ItdLw=,房地(土地+建物),158,Biz,3房2廳2衛有隔間,B22
鄉村區,乙種建築用地,松十街31~60號,透天厝,,B,,10212,無,,全/三層,-1,14,221,1,1,0,24.361654528879424,120.6056007070395,無,"82,939",bt_02.png,11,56.07,2qPbOIPAERiKZvETZc/7ZLfBzSewkXJDY2E8j6ItdLw=,房地(土地+建物),465,Biz,5房2廳3衛有隔間,B22
鄉村區,乙種建築用地,松十街61~90號,透天厝,,B,,10212,無,,全/四層,-1,12,222,1,1,0,24.36219589622795,120.60576747565904,無,"100,403",bt_02.png,10,54.28,y2vIm5+lnprZeixC0ZiwC7fBzSewkXJDY2E8j6ItdLw=,房地(土地+建物),545,Biz,5房2廳3衛有隔間,B22
鄉村區,乙種建築用地,福安路91~120號,透天厝,,B,,10211,無,,全/二層,-1,23,223,3,1,0,24.35141055163126,120.5979582815767,無,"111,831",bt_02.png,15,33.98,/eDEL+qR6KxbLYMINg9NbLfBzSewkXJDY2E8j6ItdLw=,房地(土地+建物),380,Biz,3房2廳3衛有隔間,B22
鄉村區,乙種建築用地,西安里南北八路57巷31~60號,透天厝,,B,,10210,無,,全/三層,1,18,224,1,1,0,24.370245433368357,120.59366702943197,無,"77,620",bt_02.png,11,46.38,W61qzT3TuZ0V+i7OSs9TXLfBzSewkXJDY2E8j6ItdLw=,房地(土地+建物),360,Biz,3房2廳2衛有隔間,B22
鄉村區,乙種建築用地,東西九路178巷1~30號,透天厝,,B,,10210,無,,全/三層,-1,20,225,1,1,0,24.36999916481918,120.59327511156707,無,"51,974",bt_02.png,10,58.68,ufLwEuZcrdAhcHMYfnAY27fBzSewkXJDY2E8j6ItdLw=,房地(土地+建物),305,Biz,4房3廳3衛有隔間,B22
住,,中庄里中松路31~60號,透天厝,,B,,10210,無,,全/二層,-1,31,226,1,1,0,24.346985912649973,120.58754489534455,無,"90,764",bt_02.png,8,30.85,hUQYyAmlEs1eboGcxtBn5bfBzSewkXJDY2E8j6ItdLw=,房地(土地+建物),280,Biz,6房2廳3衛有隔間,B22
鄉村區,乙種建築用地,龜??里中山南路740巷1~30號,透天厝,,B,,10209,無,,全/二層,-1,30,227,2,1,0,24.364213876124168,120.58694448459345,無,"40,572",bt_02.png,15,24.65,uoAnszFUhGmGYLfit90+4LfBzSewkXJDY2E8j6ItdLw=,房地(土地+建物),100,Biz,3房2廳3衛有隔間,B22
住,,福東一路63巷61~90號,透天厝,,B,,10209,無,,全/二層,-1,31,228,2,1,0,24.336581889099556,120.59125824114001,無,"73,074",bt_02.png,8,19.54,Y7bLAkLK6Kj8Nz6aNdd2ErfBzSewkXJDY2E8j6ItdLw=,房地(土地+建物),142,Biz,4房1廳2衛有隔間,B22
特定農業區,丁種建築用地,中山南路781~810號,透天厝,,B,,10208,無,,全/一層,-1,17,229,2,1,0,24.369479765693963,120.58684606514146,無,"298,460",bt_02.png,32,50.59,U88NbiuJpC+TZ7fxLv+UYbfBzSewkXJDY2E8j6ItdLw=,房地(土地+建物),"1,510",Biz,,B22
特定農業區,甲種建築用地,福興里福安路91~120號,透天厝,,B,,10207,無,,全/二層,-1,19,230,2,1,0,24.351257201251773,120.60195176110965,無,"55,547",bt_02.png,21,126.02,4B1NXuyM2yW8RATpOh20xLfBzSewkXJDY2E8j6ItdLw=,房地(土地+建物),700,Biz,6房3廳4衛有隔間,B22
特定農業區,甲種建築用地,中松路168巷31~60號,透天厝,,B,,10207,無,,全/三層,-1,20,231,2,1,0,24.35025626918506,120.59527186358783,無,"51,706",bt_02.png,19,58.02,54FjTJpscSzmPP63A+ohDbfBzSewkXJDY2E8j6ItdLw=,房地(土地+建物),300,Biz,5房2廳3衛有隔間,B22
住,,西安里4鄰東西八路二段91~120號,透天厝,,B,,10207,無,,全/三層,0,14,232,1,1,0,24.371541266477067,120.60025161644278,無,"74,522",bt_02.png,12,71.12,SrljghwPQHrI1gXgWJQvdbfBzSewkXJDY2E8j6ItdLw=,房地(土地+建物),530,Biz,4房2廳3衛有隔間,B22
特定農業區,農牧用地,中松路121~150號,透天厝,,B,,10207,無,,全/二層,-1,22,233,1,1,0,24.351062707576848,120.59229094428981,無,"85,464",bt_02.png,44,29.25,oQ0T64krIkpMGhCJzNZWebfBzSewkXJDY2E8j6ItdLw=,房地(土地+建物),250,Biz,3房2廳2衛有隔間,B22
其他,,南安里南安路181~210號,透天厝,,B,,10206,無,,全/三層,-1,21,234,2,1,0,24.349654685067804,120.57665680881955,無,"60,050",bt_02.png,17,119.90,O1UARpHB1TQn7lkvd4fNqLfBzSewkXJDY2E8j6ItdLw=,房地(土地+建物),720,Biz,3房2廳3衛有隔間,B22
特定農業區,甲種建築用地,西安里東西八路二段61~90號,工廠,,B,,10205,無,,一層/一層,-1,34,235,5,2,0,24.371634555457646,120.60100924150939,無,"153,729",bt_08.png,46,240.68,HX93JmdT+9UcfFevZ09lprfBzSewkXJDY2E8j6ItdLw=,房地(土地+建物),"3,700",Biz,0房0廳1衛有隔間,B22
其他,,台中市大甲區東西四路一段76巷1~30號,透天厝,,B,,10205,無,,全/三層,-1,18,236,2,1,0,24.379887821557933,120.61921144502655,無,"80,370",bt_02.png,20,47.28,ZTzAiTsA0256kqbUjHEWlbfBzSewkXJDY2E8j6ItdLw=,房地(土地+建物),380,Biz,4房1廳2衛有隔間,B22
住,,中松路31~60號,透天厝,,B,,10203,無,,全/二層,1,31,237,1,1,0,24.347020259893917,120.58755661039159,無,"71,316",bt_02.png,8,30.85,BW3J8KX3l/5dSw7ErNU+eLfBzSewkXJDY2E8j6ItdLw=,房地(土地+建物),220,Biz,4房2廳3衛有隔間,B22
其他,,南北六路1~30號,透天厝,,B,,10202,無,,全/二層,1,20,238,1,1,0,24.36773509124282,120.60642747769123,無,"84,621",bt_02.png,10,37.82,YUxX4G5FhNu2xCxa8IsgOLfBzSewkXJDY2E8j6ItdLw=,房地(土地+建物),320,Biz,2房2廳2衛有隔間,B22
鄉村區,乙種建築用地,東西二路69巷1~30號,透天厝,,B,,10202,無,,全/二層,0,31,239,3,1,0,24.38425289741813,120.61456749482352,無,"36,410",bt_02.png,12,37.08,LlJj/ZBulh/nkCbZZh+7o7fBzSewkXJDY2E8j6ItdLw=,房地(土地+建物),135,Biz,,B22
住,,埔頭路22巷1~30號,透天厝,,B,,10202,無,,全/三層,0,14,240,2,1,0,24.35205720513314,120.59143623072356,無,"67,012",bt_02.png,22,67.15,4QC0aHyz6N2v+UkqvUTV1LfBzSewkXJDY2E8j6ItdLw=,房地(土地+建物),450,Biz,5房3廳5衛有隔間,B22
其他,,田尾路20巷1~30號,透天厝,,B,,10201,無,,全/三層,-1,17,241,2,1,0,24.38928525798276,120.60895306694906,無,"58,073",bt_02.png,17,41.33,txdwqIe34I2l1qriym5OjLfBzSewkXJDY2E8j6ItdLw=,房地(土地+建物),240,Biz,3房2廳3衛有隔間,B22
住,,中山南路481~510號,透天厝,,B,,10201,無,,全/三層,-1,22,242,2,1,0,24.35103458317305,120.5840976058606,無,"27,183",bt_02.png,16,105.16,y+/IznC1FXz2CAHjdveNHLfBzSewkXJDY2E8j6ItdLw=,房地(土地+建物),285,Biz,6房2廳2衛有隔間,B22
住,,中松路73巷1~30號,透天厝,,B,,10112,無,,全/三層,-1,17,243,3,1,0,24.348851251542456,120.58769111843606,無,"88,304",bt_02.png,21,50.39,QOzuQQqzPHHkP2scnWF4D7fBzSewkXJDY2E8j6ItdLw=,房地(土地+建物),445,Biz,5房2廳3衛有隔間,B22
特定農業區,甲種建築用地,溪洲路106巷1~30號,透天厝,,B,,10111,無,,全/三層,0,11,244,3,1,0,24.363217626953354,120.59366345605144,無,"62,374",bt_02.png,16,49.70,6tK409YAK5xFoxgd+ifXFbfBzSewkXJDY2E8j6ItdLw=,房地(土地+建物),310,Biz,4房2廳3衛有隔間,B22
特定農業區,甲種建築用地,海墘里大安港路1079巷1~30號,透天厝,,B,,10111,無,,全/二層,-1,32,245,1,1,0,24.377959157493482,120.5889428403801,無,"64,278",bt_02.png,9,32.67,JXqfOXrbozy65Q9mFymeOLfBzSewkXJDY2E8j6ItdLw=,房地(土地+建物),210,Biz,0房0廳2衛有隔間,B22
住,,東西七路105巷1~30號,透天厝,,B,,10110,無,,全/三層,-1,19,246,0,1,0,24.37297318316409,120.60431413125528,無,"68,357",bt_02.png,22,48.28,B36XLdGJMbCMpcjrODtyQ7fBzSewkXJDY2E8j6ItdLw=,房地(土地+建物),330,Biz,4房2廳2衛有隔間,B22
農,,東西八路50巷1~30號,透天厝,,B,,10110,無,,全/三層,-1,18,247,1,1,0,24.371908120581093,120.60314069249317,無,"78,532",bt_02.png,11,40.75,rv40oW9Af1SG4A33GAHpSrfBzSewkXJDY2E8j6ItdLw=,房地(土地+建物),320,Biz,,B22
住,,中海路72巷1~30號,透天厝,,B,,10109,無,,全/三層,-1,16,248,1,1,0,24.355957112773357,120.57801962202225,無,"51,726",bt_02.png,11,54.13,iIe+HBoWX1rCxhsb943l4LfBzSewkXJDY2E8j6ItdLw=,房地(土地+建物),280,Biz,3房2廳3衛有隔間,B22
鄉村區,乙種建築用地,埔頭路50巷1~30號,透天厝,,B,,10108,無,,全/三層,0,1,249,2,1,0,24.35287706305379,120.5912773861735,無,"108,955",bt_02.png,19,60.58,NJJIsZ9hAfi+D2RbofqQTrfBzSewkXJDY2E8j6ItdLw=,房地(土地+建物),660,Biz,4房3廳4衛有隔間,B22
住,,中松路73巷31~60號,透天厝,,B,,10107,無,,全/三層,-1,17,250,2,1,0,24.348677870703327,120.58734772690771,無,"71,894",bt_02.png,20,52.86,/kPtC/Wdptbp5DOrjxv2jLfBzSewkXJDY2E8j6ItdLw=,房地(土地+建物),380,Biz,4房3廳3衛有隔間,B22
